@timestamp,message
"Aug 27, 2023 @ 20:39:39.984",73678757137317806864|Aggregator3|EJpqQwungv0ZkGAqpYwgkvowc6BdRMF5|EJpqQwungv0ZkGAqpYwgkvowc6BdRMF5|0|aNtnQzq6ut|null|75031876390|null|17vNdkyyE7gu5vdHoXw1qwzQM|3D5V7u|T|0|false|[ZA7USqH6h6F]|0|00000|N|Error1|null|null|null|true|null|[]|null|null|null|null|null|null|null|null|null|false|null|null|null|null|null|null|true|Standard|SERVER_ERROR|JAxA9Zq3ZxAQZPU8gctR4sQUsMQR4o3g7FqC|2023-08-27 20:39:39.179|2023-08-27 20:39:39.187|5FZR4san956vHAUT5s9fkcvhSRDSftZFaqw2jCR5eK01v|79.288.05.36|98608|6238
"Aug 27, 2023 @ 20:38:59.935",97107281875678496156|Aggregator2|4uHFmrnw5wsvMb5uyC04fUmqBbBkXbn1|4uHFmrnw5wsvMb5uyC04fUmqBbBkXbn1|1|Nd9aJ4ZWkgtV|null|64245766744|null|RQh7mXcbvSY80BDhUaDDV6Y2b|jxtG6Fh3sR|T|1|false|[79778829583976]|1|00000|N|Error2|null|null|null|true|null|[]|null|null|null|null|null|null|null|null|null|false|null|null|null|null|null|null|true|Standard|SERVER_ERROR|a7boa0aB6bbB0OUED6tnuZ1dwHvT7cSNRV2Q|2023-08-27 20:38:59.016|2023-08-27 20:38:59.028|CFpSzauOBYGEx6dQvt7EOHDNUU217GjVm1fQp23U5Pj8Y|051.583.154.201|55876|5236
"Aug 27, 2023 @ 20:38:48.668",15020594016898280955|Aggregator1|N9ppvUbFK0xNT6oPmJU3ebpMjGSyNA3k|N9ppvUbFK0xNT6oPmJU3ebpMjGSyNA3k|6|3FU2znFD|null|16529632177|null|Es0wSJuEzHwKf1RWGKPnfBGSp|32291595104|T|1|false|[03843367712079]|3|00000|N|Error1|null|null|null|true|null|[]|null|null|null|null|null|null|null|null|null|false|null|null|null|null|null|null|true|Standard|SERVER_ERROR|h9hpM1S78Zp4QykbMhyY1PSHeFrAWqNC2yN3|2023-08-27 20:38:47.287|2023-08-27 20:38:47.294|SSzBe9GuofauHgfV1nzAT79E9BjaZkXsaxkE0xJwvSEmR|71.03.585.196|46542|3596
"Aug 27, 2023 @ 20:36:40.537",99509022786051755066|Aggregator3|EFKUsoubJ5ymPrmkNxt6UE4Z7PKEFD5E|EFKUsoubJ5ymPrmkNxt6UE4Z7PKEFD5E|7|4ZWzmdMMQZ|null|86094088328|null|cbgZcKFzro3ntFRda6tXfxG5r|sEnFcVHdpys|T|1|false|[0288351622218]|1|85|dutBYEnhJ7Cg|Error2|null|null|jwqZeRder7U|true|null|[]|null|null|null|null|null|null|null|null|null|false|null|null|null|null|null|null|true|Standard|CLIENT_ERROR|DykaqDrO4zvXPE8B4dQdXACDUvkqKn0S5Q08|2023-08-27 20:36:40.093|2023-08-27 20:36:40.103|wEQFamGcGRjVzo6haUsrM6H0g5AMQMs8uBztpDjMyQs0h|98.82.264.768|26427|2753
"Aug 27, 2023 @ 20:36:38.534",60777236805497355232|Aggregator5|2cUvX4djOzfbtyOerWfvD2x2krWYCTca|2cUvX4djOzfbtyOerWfvD2x2krWYCTca|5|BU0say|null|75787764434|null|VAUZ2yoBYKWgoq7Qf3RMyySMn|75787764434|T|9|false|[88017821771900]|6|00000|N|Error3|null|null|null|true|null|[]|null|null|null|null|null|null|null|null|null|false|null|null|null|null|null|null|true|Standard|SERVER_ERROR|rTxwU9dtohEwEhdfR2pzxBJuGMe3NBobj2QU|2023-08-27 20:36:37.374|2023-08-27 20:36:37.386|RZtPG7g6fmEj5XcqfsTwYvNbPJ7OX86PDEMpyA5YWdJBh|680.655.179.545|26127|1279
"Aug 27, 2023 @ 20:35:29.708",24812997685846679577|Aggregator2|HNwYTdCVCYA8vNDs9BXEkrkSNwaXCaka|HNwYTdCVCYA8vNDs9BXEkrkSNwaXCaka|4|POy4Ry9T|null|49652864927|null|yaqteOWHk4x8s3WZocWgsFnY586naM0FtPoqH|36904343676|T|1|false|[90340660761825]|9|00000|N|Error5|null|null|null|true|null|[]|null|null|null|null|null|null|null|null|null|false|null|null|null|null|null|null|true|Standard|SERVER_ERROR|GoRg6nEuajZ94Ac5vTSTqAJRMPHBtyqmr4AX|2023-08-27 20:35:29.473|2023-08-27 20:35:29.481|SsYA6f8uwN9Mx4kAZeB9EboCHuc7F2P6Fm4eNHKNuZU85|03.46.012.425|14862|7861
"Aug 27, 2023 @ 20:34:21.637",00902086189572564134|Aggregator1|BwpNkAcUvpd9pzwYngwNxOE7undx0Mvu|BwpNkAcUvpd9pzwYngwNxOE7undx0Mvu|1|XRJ8u5DXnG|null|27652348740|null|EFRpgVO6uMUF6JHwNYbq13VdD|CTNRhxMOuf|T|1|false|[1277450521752]|1|15|U7GGOmAT71KqC|Error5|null|null|84588096397|true|null|[]|null|null|null|null|null|null|null|null|null|false|null|null|null|null|null|null|true|Standard|CLIENT_ERROR|gwAcQJDj38H77cvFHTOrjQxAUP5s99cfbjzp|2023-08-27 20:34:21.559|2023-08-27 20:34:21.571|hNS0BYhbtgScKSp2RPW8X25Pm30FEYBS9wy4UYQUb3JYR|57.68.444.519|48620|6247
"Aug 27, 2023 @ 20:33:32.355",64860390649749244607|Aggregator4|VjDV0mUS0PHMRNyXFX3aMQttwDrYag1u|null|null|null||null||wVSfwtQjARvdz59KfG7SZ87AK|nJVK8Yc8pHr|T|1|false|[2192951850936]|null|null|null|Error3|null|null|null|true|null|[]|null|null|null|null|null|null|null|null|null|false|null|null|null|null|null|null|true|null|CLIENT_ERROR|eV1BHWDzE0EwatjEV9qxPFH4A4kpMePqG1Ut|2023-08-27 20:33:30.864|-|aVgd2HDTnQcdADHaFt3Hn9J7xvjXq85OUSf3twvzO2Trf|45.158.259.4|75129|4861
"Aug 27, 2023 @ 20:33:15.814",28703925752811714009|Aggregator4|8GQSeSJWgGDPAD6RRBmEXuBTdpJP1yrw|8GQSeSJWgGDPAD6RRBmEXuBTdpJP1yrw|50|cn5g||28088852977||DYFtZ5Nq1f2pcQNAeyQxvVKSgWXTM5ROGZ9|7wpO81RT|T|1|false|[9173988732945]|2|19|HbY8|Error5|Uj4X|UaToNKvkC4z9krYghX92KaAWz|28088852977|true|200 OK|[]|null|null|12|null|null|null|null|null|null|false|null|null|null|null|null|null|true|Standard|KGwYzoJxQ5myPjGjVH|RrThBxvekKmUccwqxUnQmNczwPMFHFKD2tQr|2023-08-27 20:33:13.768|2023-08-27 20:33:13.814|g9QoN82AvnwTs0QKnyTNBZkhfXvqnof98qWs2prN7xJDv|582.753.146.82|85315|7519
"Aug 27, 2023 @ 20:33:08.334",28052304486502279820|Aggregator5|Tau3oA71NDODzTkeY20WGhcTNFnBj89c|Tau3oA71NDODzTkeY20WGhcTNFnBj89c|9|3FzY17Y|null|80553719812|null|1075246630401752941944901|4BPZKSMdxy|T|1|false|[88659672791028]|7|00000|N|Error1|null|null|null|true|null|[]|null|null|null|null|null|null|null|null|null|false|null|null|null|null|null|null|true|Standard|SERVER_ERROR|epPuPVyUoUS9Ffg1zRAFpEcrgzcHYerazmFP|2023-08-27 20:33:07.94|2023-08-27 20:33:07.948|CTr5jXzSMrJg8TJ2wYaZxhYwgKAfySvzNc9yNn7RfeuuN|421.78.13.853|78631|8621
